train_acc,val_acc,loss,val_loss
0.4425,0.79
0.20535715,0.1875
1.4164917159080506,0.6101827216148377
1.8007206916809082,1.694385256086077